scan#,peptide,glycan,score
6931,VVLHPNYSQVD,GlcNAc-4-Man-3-Gal-2-NeuAc-2-,0.0726904
6986,NATAKD,GlcNAc-2-Man-1-Fuc-1-,0.036004
7636,VVLHPNYSQVD,GlcNAc-6-Man-3-Gal-4-NeuAc-1-,2.68908
7638,VVLHPNYSQVD,GlcNAc-6-Man-3-Gal-4-NeuAc-1-,0.931517
7651,VVLHPNYSQVD,GlcNAc-6-Man-3-Gal-4-NeuAc-1-,2.3406
7660,VVLHPNYSQVD,GlcNAc-5-Man-3-Gal-3-NeuAc-1-,2.47507
7662,VVLHPNYSQVD,GlcNAc-5-Man-3-Gal-3-Fuc-3-,1.96628
7664,VVLHPNYSQVD,GlcNAc-4-Man-3-Gal-2-NeuAc-1-,2.20483
7683,VVLHPNYSQVD,GlcNAc-5-Man-3-Gal-3-NeuAc-1-,2.29299
7701,VVLHPNYSQVD,GlcNAc-4-Man-3-Gal-2-Fuc-3-,0.448382
7712,VVLHPNYSQVD,GlcNAc-4-Man-3-Gal-2-Fuc-3-,1.05395
7720,VVLHPNYSQVD,GlcNAc-4-Man-3-Gal-2-NeuAc-1-,1.76554
7772,NLFLNHSE,GlcNAc-5-Man-3-Gal-3-NeuAc-1-,3.17761
7840,NLFLNHSE,GlcNAc-4-Man-3-Gal-2-NeuAc-1-,0.543697
7860,NLFLNHSE,GlcNAc-4-Man-3-Gal-2-Fuc-1-NeuAc-1-,2.38118
7866,VVLHPNYSQVD,GlcNAc-6-Man-3-Gal-4-NeuAc-2-,3.04189
7893,VVLHPNYSQVD,GlcNAc-6-Man-3-Gal-4-NeuAc-2-,2.98449
7904,VVLHPNYSQVD,GlcNAc-5-Man-3-Gal-3-Fuc-1-NeuAc-2-,1.09602
7920,NLFLNHSE,GlcNAc-4-Man-3-Gal-2-NeuAc-1-,2.98398
7931,VVLHPNYSQVD,GlcNAc-5-Man-3-Gal-3-NeuAc-2-,3.02834
7932,VVLHPNYSQVD,GlcNAc-5-Man-3-Gal-3-Fuc-3-NeuAc-1-,1.9762
7948,VVLHPNYSQVD,GlcNAc-4-Man-3-Gal-2-NeuAc-2-,2.25775
7953,VVLHPNYSQVD,GlcNAc-4-Man-3-Gal-2-NeuAc-1-,3.27793
7956,VVLHPNYSQVD,GlcNAc-5-Man-3-Gal-3-NeuAc-1-,2.52085
7961,VVLHPNYSQVD,GlcNAc-5-Man-3-Gal-3-NeuAc-2-,2.29585
7972,VVLHPNYSQVD,GlcNAc-3-Man-3-Gal-1-NeuAc-1-,2.83018
7981,VVLHPNYSQVD,GlcNAc-4-Man-3-Gal-2-Fuc-2-NeuAc-1-,0.859138
7994,VVLHPNYSQVD,GlcNAc-4-Man-3-Gal-2-Fuc-1-NeuAc-2-,0.507324
7997,VVLHPNYSQVD,GlcNAc-2-Man-2-,1.05836
7998,VVLHPNYSQVD,GlcNAc-3-Man-3-Gal-1-NeuAc-1-,1.54242
8000,VVLHPNYSQVD,GlcNAc-4-Man-3-Gal-2-Fuc-1-NeuAc-2-,1.51928
8018,VVLHPNYSQVD,GlcNAc-4-Man-3-Gal-2-NeuAc-2-,1.53099
8024,VVLHPNYSQVD,GlcNAc-6-Man-3-Gal-4-Fuc-2-NeuAc-2-,1.15937
8031,VVLHPNYSQVD,GlcNAc-3-Man-3-Gal-1-Fuc-2-,0.338095
8056,VVLHPNYSQVD,GlcNAc-7-Man-3-Gal-5-NeuAc-1-,1.62734
8066,VVLHPNYSQVD,GlcNAc-5-Man-3-Gal-3-Fuc-1-NeuAc-3-,1.11772
8104,VVLHPNYSQVD,GlcNAc-5-Man-3-Gal-3-NeuAc-3-,1.42952
8110,MVSHHNLTTGATLINE,GlcNAc-4-Man-3-Gal-2-NeuAc-2-,0.0819679
8142,VVLHPNYSQVD,GlcNAc-6-Man-3-Gal-4-Fuc-2-NeuAc-3-,0.920362
8212,NLFLNHSE,GlcNAc-4-Man-3-Gal-2-NeuAc-2-,2.40561
8231,NLFLNHSE,GlcNAc-4-Man-3-Gal-2-NeuAc-2-,1.83363
8249,NLFLNHSE,GlcNAc-4-Man-3-Gal-2-NeuAc-1-,0.811143
8264,MVSHHNLTTGATLINE,GlcNAc-5-Man-3-Gal-3-NeuAc-1-,1.13327
8291,MVSHHNLTTGATLINE,GlcNAc-4-Man-3-Gal-2-Fuc-1-NeuAc-1-,0.574664
8314,MVSHHNLTTGATLINE,GlcNAc-6-Man-3-Gal-2-Fuc-1-,0.0389544
8345,MVSHHNLTTGATLINE,GlcNAc-4-Man-3-Gal-2-NeuAc-1-,1.08879
8368,MVSHHNLTTGATLINE,GlcNAc-4-Man-3-Gal-2-,0.18225
8563,MVSHHNLTTGATLINE,GlcNAc-4-Man-3-Gal-2-Fuc-1-NeuAc-2-,1.43585
8574,MVSHHNLTTGATLINE,GlcNAc-4-Man-3-Gal-2-Fuc-1-NeuAc-2-,1.53075
8583,MVSHHNLTTGATLINE,GlcNAc-4-Man-3-Gal-2-Fuc-1-NeuAc-2-,1.07098
8585,MVSHHNLTTGATLINE,GlcNAc-4-Man-3-Gal-2-Fuc-2-NeuAc-1-,0.72357
8593,MVSHHNLTTGATLINE,GlcNAc-5-Man-3-Gal-3-NeuAc-2-,1.46447
8628,MVSHHNLTTGATLINE,GlcNAc-4-Man-3-Gal-2-NeuAc-2-,1.03468
8641,MVSHHNLTTGATLINE,GlcNAc-4-Man-3-Gal-2-Fuc-1-NeuAc-2-,0.380123
8663,MVSHHNLTTGATLINE,GlcNAc-3-Man-3-Gal-1-NeuAc-1-,1.02288
8678,MVSHHNLTTGATLINE,GlcNAc-3-Man-3-Fuc-2-,0.910049
8692,MVSHHNLTTGATLINE,GlcNAc-4-Man-3-Gal-2-Fuc-1-NeuAc-2-,0.609677
8724,MVSHHNLTTGATLINE,GlcNAc-4-Man-3-Gal-2-NeuAc-2-,1.15196
8729,MVSHHNLTTGATLINE,GlcNAc-4-Man-3-Gal-2-NeuAc-1-,1.41829
8757,MVSHHNLTTGATLINE,GlcNAc-3-Man-3-Gal-1-NeuAc-1-,0.588752
8773,MVSHHNLTTGATLINE,GlcNAc-4-Man-3-Gal-2-NeuAc-2-,0.889673
8835,MVSHHNLTTGATLINE,GlcNAc-5-Man-3-Gal-3-Fuc-2-NeuAc-1-,1.7966
8862,MVSHHNLTTGATLINE,GlcNAc-5-Man-3-Gal-3-Fuc-1-NeuAc-3-,0.770112
8906,MVSHHNLTTGATLINE,GlcNAc-5-Man-3-Gal-3-NeuAc-3-,0.963283
8939,MVSHHNLTTGATLINE,GlcNAc-4-Man-3-Gal-2-NeuAc-2-,0.70241
8943,MVSHHNLTTGATLINE,GlcNAc-4-Man-3-Gal-2-Fuc-2-NeuAc-1-,1.10487
9149,MVSHHNLTTGATLINE,GlcNAc-4-Man-3-Gal-2-NeuAc-2-,0.200628
9174,MVSHHNLTTGATLINE,GlcNAc-4-Man-3-Gal-2-Fuc-2-NeuAc-1-,0.106047
9727,MVSHHNLTTGATLINE,GlcNAc-4-Man-3-Gal-2-NeuAc-2-,0.119831
9734,MVSHHNLTTGATLINE,GlcNAc-4-Man-3-Gal-2-NeuAc-2-,0.118144
11386,KVVLHPNYSQVDIGLIK,GlcNAc-4-Man-3-Gal-2-NeuAc-2-,0.80829
11752,VVLHPNYSQVDIGLIK,GlcNAc-5-Man-3-Gal-3-NeuAc-1-,0.811389
12061,VVLHPNYSQVDIGLIK,GlcNAc-6-Man-3-Gal-4-NeuAc-2-,1.73696
12141,VVLHPNYSQVDIGLIK,GlcNAc-5-Man-3-Gal-3-NeuAc-2-,1.62948
12163,VVLHPNYSQVDIGLIK,GlcNAc-4-Man-3-Gal-2-NeuAc-2-,1.07255
12189,VVLHPNYSQVDIGLIK,GlcNAc-4-Man-3-Gal-2-NeuAc-1-,1.59079
12236,VVLHPNYSQVDIGLIK,GlcNAc-4-Man-3-Gal-2-Fuc-2-,1.09251
12244,VVLHPNYSQVDIGLIK,GlcNAc-4-Man-3-Gal-2-NeuAc-2-,1.07446
12393,VVLHPNYSQVDIGLIK,GlcNAc-5-Man-3-Gal-3-Fuc-3-NeuAc-2-,0.91673
12402,VVLHPNYSQVDIGLIK,GlcNAc-5-Man-3-Gal-3-NeuAc-3-,0.930741
14520,QLVEIEKVVLHPNYSQVDIGLIK,GlcNAc-6-Man-3-Fuc-3-,0.000749009
14831,IEKVVLHPNYSQVDIGLIKLK,GlcNAc-6-Man-3-Gal-2-NeuAc-1-,0.00292222
